order_id,order_date,ship_date,category,product_name,region,sales,profit,quantity,discount,shipping_cost
ORD1000,2025-09-15,2025-09-20,Office Supplies,Message However,East,4920.72,1624.05,17,0.01,322.61
ORD1001,2026-03-14,2026-03-19,Technology,Place Note,East,6659.28,884.59,21,0.15,29.36
ORD1002,2024-09-22,2024-09-25,Office Supplies,About Generation,West,1691.25,868.23,9,0.2,86.59
ORD1003,2026-04-12,2026-04-21,Furniture,Summer Either,Central,2467.27,2116.18,19,0.07,246.31
ORD1004,2025-06-26,2025-07-02,Office Supplies,Design Kitchen,Central,7252.5,2331.46,9,0.06,428.71
ORD1005,2025-12-17,2025-12-18,Office Supplies,Pattern Deal,East,3467.51,285.69,1,0.28,115.04
ORD1006,2024-10-12,2024-10-16,Office Supplies,Law Candidate,West,7004.9,-130.87,14,0.08,384.94
ORD1007,2026-03-27,2026-04-04,Office Supplies,Similar Left,Central,694.76,-145.62,2,0.35,40.53
ORD1008,2024-07-20,2024-07-28,Office Supplies,Mouth Hot,West,4029.13,2862.88,4,0.38,474.94
ORD1009,2026-01-18,2026-01-20,Office Supplies,Beat Bill,East,6283.83,-5.25,4,0.33,27.31
ORD1010,2024-05-26,2024-06-03,Technology,Late Bed,North,1322.12,-102.35,21,0.11,350.27
ORD1011,2024-07-01,2024-07-03,Furniture,Whom Experience,Central,1329.87,1726.48,23,0.06,460.46
ORD1012,2025-09-19,2025-09-21,Technology,Exactly Wonder,East,7200.4,-200.64,3,0.18,131.07
ORD1013,2026-03-19,2026-03-25,Technology,Continue Common,Central,4435.25,1005.15,19,0.46,361.32
ORD1014,2026-02-17,2026-02-23,Furniture,Himself Interview,Central,4422.44,-821.14,23,0.28,17.78
ORD1015,2025-11-19,2025-11-25,Technology,Much Heart,East,5233.85,741.9,24,0.1,390.44
ORD1016,2025-12-01,2025-12-06,Furniture,Leader Tax,North,474.55,1548.46,6,0.34,393.58
ORD1017,2025-05-14,2025-05-17,Furniture,Mr Chair,East,5310.72,-186.26,15,0.33,382.28
ORD1018,2025-12-20,2025-12-24,Technology,Strategy West,Central,4085.28,1578.63,9,0.2,448.11
ORD1019,2025-03-02,2025-03-08,Technology,Project Turn,Central,8063.41,1326.13,2,0.24,84.32
ORD1020,2026-01-15,2026-01-22,Furniture,Medical Head,North,8104.5,1428.19,24,0.3,252.58
ORD1021,2025-05-20,2025-05-30,Furniture,Add Deep,East,7260.59,2976.43,12,0.06,438.9
ORD1022,2026-02-03,2026-02-08,Office Supplies,Tonight Alone,West,2499.03,2682.79,3,0.43,275.3
ORD1023,2025-04-10,2025-04-11,Technology,Fall Tonight,North,3201.88,785.89,14,0.16,451.96
ORD1024,2025-06-11,2025-06-16,Technology,American Organization,West,2747.19,1055.3,13,0.27,150.05
ORD1025,2026-01-16,2026-01-25,Technology,Trouble Yet,East,7828.31,-95.52,15,0.32,91.33
ORD1026,2024-06-18,2024-06-25,Technology,Cultural Instead,East,7055.5,2388.44,7,0.05,84.7
ORD1027,2025-12-14,2025-12-18,Office Supplies,Pull Though,North,8230.03,-920.8,14,0.21,237.37
ORD1028,2025-02-19,2025-02-23,Office Supplies,Stuff Chance,South,675.6,2566.2,3,0.3,428.6
ORD1029,2026-04-18,2026-04-21,Technology,Career Responsibility,West,1638.75,-970.46,7,0.21,413.67
ORD1030,2025-02-18,2025-02-20,Technology,Majority Arm,West,6769.04,902.09,24,0.1,81.56
ORD1031,2025-01-01,2025-01-05,Furniture,Less Young,East,180.53,298.74,20,0.29,425.67
ORD1032,2025-01-10,2025-01-17,Office Supplies,Read Face,North,951.57,1765.42,11,0.27,452.04
ORD1033,2026-02-27,2026-03-06,Office Supplies,Vote Bed,Central,4534.0,-609.17,9,0.04,323.57
ORD1034,2024-07-25,2024-08-02,Furniture,Strong Consumer,Central,6791.67,1835.67,8,0.11,489.25
ORD1035,2025-02-12,2025-02-13,Technology,Appear Century,East,1941.73,797.63,3,0.23,149.31
ORD1036,2025-11-01,2025-11-05,Technology,National Hand,East,8475.65,-114.78,5,0.49,67.91
ORD1037,2025-09-12,2025-09-20,Technology,Daughter Nothing,Central,6613.02,1426.51,18,0.02,321.74
ORD1038,2025-05-05,2025-05-13,Office Supplies,Beyond Worry,North,5666.26,877.07,20,0.32,328.82
ORD1039,2026-05-10,2026-05-15,Furniture,Thousand Wrong,Central,9430.07,-440.65,22,0.08,485.96
ORD1040,2025-12-01,2025-12-03,Office Supplies,Summer General,East,3422.31,2169.51,6,0.09,258.02
ORD1041,2026-01-24,2026-01-27,Office Supplies,Exactly Wear,South,3459.82,136.7,21,0.35,216.82
ORD1042,2025-06-12,2025-06-18,Furniture,Simple Young,South,1317.17,-728.31,14,0.02,33.24
ORD1043,2025-02-27,2025-03-05,Furniture,Ask Give,East,4491.73,1772.82,24,0.01,208.23
ORD1044,2026-04-16,2026-04-23,Technology,Build Evening,Central,754.03,532.13,3,0.42,244.69
ORD1045,2024-12-19,2024-12-23,Office Supplies,Again Democratic,North,5487.47,-361.81,25,0.02,103.02
ORD1046,2025-12-23,2026-01-02,Furniture,Writer Whatever,West,8633.31,62.28,24,0.3,328.1
ORD1047,2025-08-29,2025-08-31,Office Supplies,Forget Identify,South,6596.75,2258.5,23,0.27,364.77
ORD1048,2025-10-04,2025-10-08,Furniture,Chair Second,South,5782.26,1427.88,23,0.45,333.3
ORD1049,2026-01-28,2026-02-01,Furniture,Weight Own,North,5513.49,1378.37,3,0.44,382.36
ORD1050,2026-01-19,2026-01-28,Technology,Matter Dog,North,2920.82,829.09,15,0.15,483.71
ORD1051,2025-12-08,2025-12-09,Furniture,Management Myself,West,6578.36,-270.72,24,0.31,38.44
ORD1052,2025-07-04,2025-07-13,Technology,Which Campaign,East,5859.72,1638.28,12,0.47,121.7
ORD1053,2025-03-05,2025-03-11,Furniture,Remain Attention,Central,1116.84,-267.96,4,0.06,388.66
ORD1054,2026-03-02,2026-03-10,Furniture,Can With,Central,1084.87,1297.28,5,0.18,136.03
ORD1055,2024-07-07,2024-07-10,Technology,Degree Better,East,6297.5,2745.49,23,0.34,227.84
ORD1056,2025-02-06,2025-02-15,Technology,Image Significant,West,8449.72,-119.55,22,0.32,472.88
ORD1057,2026-05-16,2026-05-21,Office Supplies,Civil Speech,Central,7312.38,2559.42,3,0.44,295.54
ORD1058,2024-10-14,2024-10-15,Technology,Professor Idea,North,8873.03,965.98,16,0.25,141.2
ORD1059,2026-03-06,2026-03-14,Technology,Bring Method,North,2618.47,-847.61,20,0.06,404.33
ORD1060,2024-07-31,2024-08-04,Technology,Trip Foot,East,5393.29,221.33,25,0.47,125.0
ORD1061,2025-03-02,2025-03-03,Office Supplies,Six Usually,Central,3672.1,978.53,24,0.3,121.9
ORD1062,2025-09-04,2025-09-09,Furniture,Opportunity Person,South,8709.61,-941.44,6,0.41,455.23
ORD1063,2024-12-13,2024-12-14,Office Supplies,Room Test,Central,509.63,-788.96,11,0.38,478.94
ORD1064,2025-09-06,2025-09-14,Technology,Shake Very,South,6654.83,-831.89,23,0.25,350.53
ORD1065,2024-09-03,2024-09-13,Office Supplies,Store Evidence,South,7578.85,484.0,22,0.09,378.67
ORD1066,2024-12-18,2024-12-25,Furniture,Run Base,West,2194.59,1592.93,19,0.27,303.3
ORD1067,2026-03-17,2026-03-25,Furniture,Ability Race,West,743.83,681.2,21,0.31,446.72
ORD1068,2024-06-24,2024-06-30,Furniture,Over Off,South,9962.9,-265.01,2,0.37,83.85
ORD1069,2025-11-19,2025-11-26,Technology,It All,West,5924.16,52.64,19,0.5,206.68
ORD1070,2025-12-10,2025-12-18,Technology,Organization Example,South,2967.5,1898.66,23,0.47,439.11
ORD1071,2025-10-22,2025-10-23,Office Supplies,Middle Two,South,1558.68,831.75,5,0.38,332.54
ORD1072,2025-01-30,2025-02-04,Technology,Government Them,Central,2403.39,-406.46,19,0.29,87.56
ORD1073,2024-05-29,2024-06-05,Furniture,Chance Trip,Central,9884.67,1173.49,3,0.24,87.07
ORD1074,2026-04-16,2026-04-17,Office Supplies,Stand Same,East,3202.66,-676.43,6,0.47,76.32
ORD1075,2025-09-08,2025-09-15,Furniture,Issue Bag,East,8046.36,770.47,17,0.36,359.76
ORD1076,2025-06-29,2025-06-30,Office Supplies,Property Line,South,9137.97,479.33,10,0.04,53.47
ORD1077,2024-06-10,2024-06-18,Furniture,Wear Any,East,310.42,-171.43,20,0.1,472.78
ORD1078,2025-04-07,2025-04-14,Office Supplies,Experience Tell,East,5633.49,-858.44,8,0.08,139.52
ORD1079,2024-10-30,2024-11-09,Technology,Approach Whom,Central,3259.93,1460.74,22,0.46,28.48
ORD1080,2025-07-06,2025-07-14,Furniture,Say Large,Central,8186.47,1869.17,2,0.49,431.88
ORD1081,2025-03-07,2025-03-14,Furniture,Artist Radio,West,900.61,561.53,11,0.49,361.69
ORD1082,2025-06-06,2025-06-14,Technology,Feel Knowledge,East,187.93,1579.44,22,0.43,110.32
ORD1083,2025-09-24,2025-09-29,Technology,Similar Likely,Central,330.94,2761.62,22,0.33,487.4
ORD1084,2024-06-07,2024-06-10,Technology,Manage After,East,1003.28,2363.7,25,0.37,357.53
ORD1085,2025-04-16,2025-04-24,Technology,Return Foot,Central,5129.06,1857.4,16,0.46,474.54
ORD1086,2025-08-23,2025-09-01,Furniture,Suddenly Into,West,8132.48,2620.02,18,0.01,417.3
ORD1087,2025-02-26,2025-03-04,Office Supplies,Case Too,East,7736.33,-465.57,15,0.13,139.36
ORD1088,2025-09-29,2025-10-03,Technology,Test Real,East,5834.79,2727.54,2,0.43,260.16
ORD1089,2024-10-27,2024-11-02,Technology,Environment Suffer,East,5700.33,1887.74,14,0.19,18.46
ORD1090,2024-11-08,2024-11-18,Office Supplies,Really Stop,North,2405.08,804.55,20,0.31,436.01
ORD1091,2025-01-01,2025-01-05,Furniture,Knowledge Though,South,9679.18,522.23,1,0.06,289.95
ORD1092,2025-11-17,2025-11-20,Furniture,Mother Practice,Central,5006.6,1792.64,3,0.42,357.12
ORD1093,2025-01-04,2025-01-14,Technology,Put Economic,Central,8505.37,2317.59,25,0.11,240.11
ORD1094,2025-11-03,2025-11-12,Furniture,Say Same,North,7205.39,-532.88,1,0.33,99.86
ORD1095,2024-11-25,2024-12-03,Technology,Pick Similar,South,7752.98,1831.26,12,0.05,466.59
ORD1096,2024-07-08,2024-07-18,Office Supplies,Hard Either,North,2321.16,-889.83,10,0.37,349.75
ORD1097,2024-10-22,2024-10-28,Technology,Throw Industry,West,3930.2,-61.59,24,0.29,151.88
ORD1098,2025-10-30,2025-11-07,Office Supplies,Ok Source,North,8011.06,-15.78,17,0.36,269.07
ORD1099,2026-01-24,2026-01-30,Technology,Time Moment,South,1162.6,519.96,2,0.34,90.27
ORD1100,2024-06-25,2024-07-02,Furniture,Else Result,West,5740.92,1916.61,5,0.2,483.15
ORD1101,2024-12-24,2024-12-26,Furniture,Away Understand,West,6383.01,400.66,7,0.29,396.91
ORD1102,2024-07-09,2024-07-10,Furniture,Simply Imagine,Central,3702.66,-808.17,9,0.23,260.62
ORD1103,2025-10-02,2025-10-06,Furniture,Society Generation,West,5450.53,2307.4,8,0.24,322.87
ORD1104,2025-09-11,2025-09-12,Office Supplies,Board Hot,North,8748.62,1563.47,14,0.31,368.89
ORD1105,2024-09-07,2024-09-11,Office Supplies,Near Over,East,2995.51,1491.56,20,0.22,251.69
ORD1106,2024-07-18,2024-07-23,Furniture,Safe Yes,West,6552.88,-923.91,8,0.42,499.34
ORD1107,2024-07-21,2024-07-24,Office Supplies,Here Smile,West,3886.37,1441.23,15,0.38,40.91
ORD1108,2026-03-03,2026-03-04,Technology,Visit Face,South,7041.7,12.07,17,0.2,137.3
ORD1109,2025-02-01,2025-02-09,Furniture,Real Leader,West,5259.57,-468.4,16,0.01,479.58
ORD1110,2025-04-16,2025-04-23,Furniture,Kind For,East,6242.52,-33.78,9,0.32,436.14
ORD1111,2025-02-12,2025-02-21,Technology,Southern Important,West,3827.05,1749.34,25,0.0,143.89
ORD1112,2025-08-06,2025-08-12,Furniture,Finish Dog,South,2127.35,1403.88,13,0.32,159.53
ORD1113,2024-12-16,2024-12-23,Technology,Price Character,East,7660.52,885.39,25,0.0,176.8
ORD1114,2024-09-25,2024-09-29,Technology,Dog Kid,West,2622.68,1661.12,14,0.17,37.74
ORD1115,2024-09-30,2024-10-08,Office Supplies,Possible Up,South,6445.02,1305.1,16,0.34,462.86
ORD1116,2025-04-09,2025-04-18,Technology,Easy Practice,West,7888.26,1961.56,7,0.36,339.19
ORD1117,2026-04-23,2026-05-03,Office Supplies,Station Record,West,7015.27,1665.08,4,0.31,385.84
ORD1118,2026-01-14,2026-01-15,Office Supplies,Second Almost,West,5846.12,1624.78,24,0.44,72.34
ORD1119,2026-01-21,2026-01-31,Furniture,Reduce Science,South,8285.13,-522.87,21,0.04,64.97
ORD1120,2025-04-01,2025-04-07,Technology,Appear North,West,5924.63,2083.42,20,0.41,56.64
ORD1121,2025-01-10,2025-01-16,Technology,Computer Guess,West,9126.28,1654.41,2,0.33,244.0
ORD1122,2024-07-18,2024-07-28,Furniture,Head Enjoy,South,6393.28,868.69,20,0.27,214.41
ORD1123,2025-10-09,2025-10-11,Office Supplies,Democrat Travel,Central,3749.24,1951.59,12,0.33,455.77
ORD1124,2026-02-09,2026-02-16,Technology,Science Its,South,8980.22,1075.64,9,0.35,221.84
ORD1125,2025-10-15,2025-10-16,Office Supplies,Fish Production,Central,793.06,2504.61,4,0.12,319.01
ORD1126,2025-10-21,2025-10-30,Office Supplies,Meet High,East,9924.06,741.78,24,0.34,138.24
ORD1127,2024-06-23,2024-06-29,Furniture,Behavior Lay,West,9347.11,1474.78,6,0.44,410.71
ORD1128,2024-07-16,2024-07-21,Technology,Commercial Meeting,East,9203.43,-485.78,15,0.32,300.47
ORD1129,2024-08-16,2024-08-20,Technology,Author Total,North,2693.96,729.19,17,0.03,492.14
ORD1130,2025-04-02,2025-04-11,Office Supplies,Something Take,Central,2022.45,-667.95,11,0.22,422.3
ORD1131,2025-06-29,2025-07-02,Technology,Above Kid,North,4529.95,2465.54,1,0.39,38.09
ORD1132,2024-07-04,2024-07-13,Technology,Step Despite,East,1886.06,-669.38,11,0.33,397.8
ORD1133,2026-04-24,2026-04-30,Office Supplies,Hand Carry,East,7575.4,47.2,24,0.07,225.33
ORD1134,2025-03-18,2025-03-19,Office Supplies,Probably Fight,South,3962.19,2981.97,6,0.05,489.02
ORD1135,2025-11-13,2025-11-22,Office Supplies,Occur Stand,Central,7895.62,-808.41,18,0.08,387.09
ORD1136,2025-06-02,2025-06-06,Furniture,First Blood,South,6839.75,274.28,20,0.48,361.95
ORD1137,2025-05-22,2025-05-25,Technology,Certainly Present,South,3573.03,1501.89,23,0.27,101.26
ORD1138,2025-06-19,2025-06-21,Office Supplies,Serve Likely,North,708.61,976.6,6,0.26,318.9
ORD1139,2025-03-22,2025-03-28,Technology,Coach Behind,South,5020.84,2108.68,18,0.31,468.63
ORD1140,2025-08-10,2025-08-15,Furniture,Leg Explain,Central,6288.77,-159.36,6,0.06,457.39
ORD1141,2025-08-29,2025-09-01,Technology,Look Pressure,East,8529.21,302.39,10,0.01,350.17
ORD1142,2025-10-01,2025-10-11,Furniture,Tell Personal,East,5587.09,434.38,22,0.22,413.06
ORD1143,2024-09-21,2024-09-24,Office Supplies,Fill Push,East,1570.71,580.92,14,0.45,403.8
ORD1144,2025-01-01,2025-01-05,Furniture,Federal Yourself,South,6529.04,1662.09,13,0.21,71.76
ORD1145,2025-08-15,2025-08-25,Technology,Commercial Station,East,686.93,1499.52,5,0.37,376.12
ORD1146,2025-04-25,2025-05-05,Office Supplies,Ahead Send,East,4022.84,2193.55,1,0.44,275.74
ORD1147,2025-01-30,2025-02-08,Technology,Spring South,East,9452.68,265.04,13,0.22,153.6
ORD1148,2025-07-07,2025-07-10,Furniture,Take All,East,5834.06,703.98,17,0.04,339.93
ORD1149,2024-12-22,2024-12-25,Furniture,Lawyer Expert,Central,585.1,-771.33,17,0.15,164.55
ORD1150,2024-12-11,2024-12-21,Office Supplies,Card Religious,North,708.97,2538.37,13,0.24,248.52
ORD1151,2024-06-10,2024-06-12,Technology,Cup Certain,South,7194.94,1394.55,9,0.46,333.93
ORD1152,2024-10-13,2024-10-17,Office Supplies,Fish Change,South,3505.72,1326.81,3,0.27,451.65
ORD1153,2025-03-07,2025-03-13,Furniture,West Fight,West,2012.86,2625.86,23,0.46,178.86
ORD1154,2025-01-18,2025-01-19,Furniture,Western Dark,South,8126.76,-704.38,22,0.18,41.59
ORD1155,2024-06-04,2024-06-05,Technology,Serve Cold,West,881.39,865.36,8,0.16,178.17
ORD1156,2024-06-21,2024-06-25,Furniture,Bar Out,South,5162.38,2149.63,19,0.06,296.62
ORD1157,2024-07-22,2024-07-29,Technology,Probably Threat,East,6308.4,344.68,13,0.49,293.54
ORD1158,2025-03-02,2025-03-06,Technology,Last Red,South,8265.21,-959.0,10,0.1,74.38
ORD1159,2026-03-13,2026-03-17,Technology,Together Picture,East,5523.79,445.95,1,0.27,326.1
ORD1160,2024-08-18,2024-08-23,Technology,Bill Tend,North,9899.92,1719.72,13,0.49,125.94
ORD1161,2026-02-26,2026-03-02,Furniture,Whether Expect,North,112.09,1143.09,7,0.21,271.45
ORD1162,2025-01-03,2025-01-12,Office Supplies,Scientist May,Central,4790.27,466.4,13,0.49,345.19
ORD1163,2026-05-07,2026-05-12,Furniture,Easy Hospital,West,9143.44,1120.78,10,0.14,428.81
ORD1164,2024-06-14,2024-06-22,Technology,Traditional Truth,East,3793.23,1874.05,8,0.04,77.46
ORD1165,2025-03-02,2025-03-05,Furniture,Able Need,East,7796.57,1636.68,10,0.1,44.27
ORD1166,2025-08-03,2025-08-12,Furniture,Pick Bank,South,9635.86,2153.75,21,0.47,219.72
ORD1167,2025-08-23,2025-08-25,Office Supplies,Gas Even,South,3368.91,-186.52,19,0.44,53.59
ORD1168,2024-07-07,2024-07-12,Office Supplies,Side City,West,902.27,1968.98,15,0.47,152.44
ORD1169,2025-01-26,2025-02-03,Furniture,Must Fast,South,2736.89,-31.64,14,0.31,64.21
ORD1170,2026-03-23,2026-03-27,Office Supplies,While Claim,West,6546.32,674.77,15,0.16,60.2
ORD1171,2025-07-27,2025-08-04,Office Supplies,Success Manager,Central,4161.96,1184.38,19,0.25,261.64
ORD1172,2024-06-26,2024-07-04,Office Supplies,Find Upon,East,2724.04,2193.49,19,0.03,139.11
ORD1173,2025-08-26,2025-09-03,Office Supplies,Benefit Reach,South,4694.6,957.99,16,0.47,96.42
ORD1174,2026-04-27,2026-05-05,Furniture,Across Fast,North,494.52,2469.83,12,0.38,118.16
ORD1175,2024-09-17,2024-09-20,Furniture,Despite International,East,7180.08,1594.33,18,0.2,283.66
ORD1176,2025-07-18,2025-07-21,Office Supplies,Detail North,Central,5608.26,258.85,25,0.09,387.43
ORD1177,2024-11-24,2024-11-29,Furniture,Level Why,West,1748.55,-888.0,4,0.26,76.84
ORD1178,2025-09-15,2025-09-22,Technology,Management And,South,964.49,676.36,16,0.2,95.23
ORD1179,2025-09-06,2025-09-09,Furniture,Relate Work,South,3338.35,1484.5,18,0.21,286.88
ORD1180,2025-07-02,2025-07-12,Furniture,Such Message,West,4496.83,2885.44,8,0.43,41.65
ORD1181,2024-07-16,2024-07-18,Technology,Heart Receive,East,4521.57,2391.11,16,0.09,473.37
ORD1182,2026-01-01,2026-01-03,Furniture,Lawyer Between,West,3486.26,524.34,4,0.03,182.46
ORD1183,2026-04-13,2026-04-14,Office Supplies,Yes Section,Central,7124.35,1116.63,2,0.36,388.86
ORD1184,2025-12-28,2026-01-07,Office Supplies,Heart Couple,South,4887.87,1784.6,12,0.07,488.26
ORD1185,2025-04-19,2025-04-29,Office Supplies,Social Really,West,1770.54,2168.29,9,0.31,348.96
ORD1186,2025-04-24,2025-04-25,Technology,Land Road,West,2110.4,-427.28,15,0.11,245.33
ORD1187,2025-09-10,2025-09-18,Technology,Daughter Measure,West,2760.02,2448.04,16,0.42,19.56
ORD1188,2025-04-08,2025-04-15,Furniture,Growth Short,North,7579.66,624.29,7,0.44,408.61
ORD1189,2025-09-06,2025-09-14,Technology,Security Other,North,2257.95,-994.05,19,0.28,54.64
ORD1190,2024-08-17,2024-08-23,Furniture,Between Money,West,4165.05,444.82,16,0.39,432.6
ORD1191,2025-12-22,2025-12-31,Furniture,Not Man,West,1238.16,-785.08,19,0.43,430.33
ORD1192,2024-06-18,2024-06-23,Furniture,Good Experience,West,6230.63,2009.91,24,0.23,394.15
ORD1193,2024-07-12,2024-07-15,Furniture,Mrs Program,East,7233.63,991.14,12,0.15,451.06
ORD1194,2026-05-17,2026-05-19,Furniture,Bank It,Central,3395.68,1003.82,8,0.09,142.41
ORD1195,2024-09-08,2024-09-18,Furniture,Yet Player,West,5930.52,2954.36,3,0.34,105.5
ORD1196,2024-06-28,2024-07-03,Furniture,Pay Including,Central,2255.95,-188.59,17,0.3,397.48
ORD1197,2024-06-15,2024-06-24,Furniture,Store But,West,6261.47,-815.73,25,0.03,365.35
ORD1198,2025-03-30,2025-04-07,Technology,Major Real,South,2246.55,-579.25,24,0.39,76.45
ORD1199,2025-04-10,2025-04-13,Office Supplies,Company Indicate,North,9020.22,348.34,1,0.21,208.23
ORD1200,2024-09-05,2024-09-12,Technology,Risk Weight,North,3278.14,2695.16,12,0.15,291.82
ORD1201,2025-08-11,2025-08-18,Furniture,Later Family,East,4576.02,1289.16,23,0.23,34.08
ORD1202,2025-11-21,2025-11-26,Office Supplies,Body Social,East,6455.22,2196.89,19,0.5,256.91
ORD1203,2026-01-03,2026-01-09,Furniture,Which Full,Central,3594.52,2047.01,25,0.19,308.36
ORD1204,2024-05-19,2024-05-27,Office Supplies,Whether Close,South,2622.88,946.28,2,0.11,370.06
ORD1205,2026-01-08,2026-01-11,Technology,Growth Sell,South,3260.17,996.66,19,0.39,418.49
ORD1206,2024-09-29,2024-10-02,Furniture,Exist Agency,South,3018.99,225.68,11,0.38,22.2
ORD1207,2025-10-01,2025-10-09,Technology,Money Like,Central,9541.71,1772.39,16,0.17,43.55
ORD1208,2025-01-21,2025-01-28,Technology,Top Various,North,5522.24,1700.54,3,0.01,179.02
ORD1209,2024-12-22,2024-12-24,Furniture,Hotel Employee,West,6998.22,-141.88,2,0.4,497.08
ORD1210,2026-04-13,2026-04-16,Technology,Across Sea,West,8914.91,2789.22,17,0.4,137.28
ORD1211,2025-07-05,2025-07-12,Furniture,Reason His,East,7655.73,1262.46,6,0.32,353.27
ORD1212,2024-11-06,2024-11-12,Furniture,Away Foreign,Central,1592.79,2971.95,6,0.23,312.94
ORD1213,2024-08-29,2024-09-02,Furniture,Need Effort,North,3350.21,634.24,24,0.27,265.31
ORD1214,2024-12-25,2025-01-04,Office Supplies,Attack Test,North,2424.95,310.82,16,0.2,50.85
ORD1215,2026-04-08,2026-04-16,Furniture,Weight Anything,East,1210.98,2123.24,20,0.04,266.45
ORD1216,2024-07-31,2024-08-06,Technology,Be Audience,Central,2341.03,-410.72,11,0.48,264.02
ORD1217,2025-12-26,2026-01-02,Furniture,Network Pretty,North,5394.93,2743.03,5,0.45,33.36
ORD1218,2026-04-26,2026-05-01,Office Supplies,Eight Series,East,9582.58,-662.8,22,0.11,495.98
ORD1219,2024-06-05,2024-06-13,Technology,Why Begin,East,3957.39,-657.43,18,0.03,262.67
ORD1220,2025-07-04,2025-07-12,Office Supplies,Material Form,West,8511.59,2913.59,5,0.31,398.42
ORD1221,2025-07-25,2025-07-27,Office Supplies,Government Trade,West,5392.62,2211.68,7,0.11,483.07
ORD1222,2024-10-04,2024-10-05,Technology,Simple World,Central,7712.88,867.86,16,0.01,12.98
ORD1223,2025-10-23,2025-10-29,Furniture,College Situation,East,2974.55,-776.96,23,0.05,71.7
ORD1224,2026-01-31,2026-02-03,Technology,Six During,East,4750.78,2760.6,2,0.39,316.53
ORD1225,2026-01-08,2026-01-16,Technology,Pressure Smile,East,9098.2,977.91,17,0.44,60.01
ORD1226,2025-08-11,2025-08-19,Office Supplies,Report Heart,West,1929.87,-374.76,23,0.44,180.28
ORD1227,2024-11-08,2024-11-15,Technology,Story Charge,South,563.26,875.52,13,0.18,87.59
ORD1228,2025-02-25,2025-03-07,Furniture,Reason Cup,Central,6618.64,386.76,24,0.44,244.18
ORD1229,2025-02-22,2025-03-03,Office Supplies,Fine Group,West,6916.5,2241.36,16,0.1,328.05
ORD1230,2025-12-20,2025-12-30,Technology,Full Prevent,North,5848.99,511.67,11,0.36,398.68
ORD1231,2024-05-20,2024-05-27,Furniture,Away Will,West,4844.62,-505.81,7,0.19,113.57
ORD1232,2025-04-08,2025-04-16,Technology,Turn Summer,South,8610.63,2284.63,2,0.36,395.47
ORD1233,2026-03-28,2026-04-01,Office Supplies,Hospital Model,Central,7122.72,2643.58,25,0.2,95.64
ORD1234,2026-02-19,2026-03-01,Office Supplies,Yeah Know,North,1244.54,2501.46,9,0.45,390.73
ORD1235,2024-07-16,2024-07-19,Technology,Time So,West,4130.18,593.52,16,0.42,137.81
ORD1236,2025-02-27,2025-03-02,Office Supplies,Country Building,West,7616.22,2607.7,17,0.11,487.33
ORD1237,2026-02-23,2026-02-24,Furniture,Sea Responsibility,West,5092.7,1932.59,8,0.13,313.43
ORD1238,2025-03-05,2025-03-09,Furniture,Yourself Necessary,North,5113.49,2688.45,15,0.0,94.52
ORD1239,2025-07-07,2025-07-15,Furniture,Pattern Soon,North,9842.99,317.1,24,0.2,52.89
ORD1240,2025-01-09,2025-01-13,Furniture,Know Well,South,7968.84,-794.26,10,0.04,285.6
ORD1241,2025-04-26,2025-05-03,Furniture,Major Necessary,North,9425.28,-871.77,24,0.02,45.69
ORD1242,2026-02-20,2026-02-27,Technology,Style Concern,North,5231.1,836.68,4,0.25,489.19
ORD1243,2026-01-31,2026-02-08,Furniture,Fine Month,Central,5667.12,269.14,5,0.47,48.14
ORD1244,2024-06-26,2024-07-05,Office Supplies,Reality Toward,South,475.16,1590.9,16,0.13,269.18
ORD1245,2025-02-28,2025-03-03,Office Supplies,Material Alone,West,9621.89,-602.23,16,0.1,202.82
ORD1246,2025-03-14,2025-03-22,Office Supplies,Still Better,South,6837.39,2634.1,20,0.44,359.54
ORD1247,2026-03-23,2026-03-27,Technology,Live Whole,North,8865.51,1429.21,15,0.16,91.85
ORD1248,2025-10-24,2025-11-03,Furniture,Store Smile,East,5638.03,-537.17,17,0.06,347.38
ORD1249,2025-05-18,2025-05-19,Technology,Of Realize,Central,6458.41,-344.22,7,0.01,148.09
ORD1250,2024-08-18,2024-08-22,Office Supplies,Take Why,East,7634.62,2184.41,8,0.46,491.76
ORD1251,2025-10-03,2025-10-13,Office Supplies,Tonight Interview,East,4822.74,1458.13,4,0.46,115.05
ORD1252,2025-07-18,2025-07-27,Furniture,Shoulder For,East,894.6,-821.77,9,0.28,119.82
ORD1253,2026-03-07,2026-03-13,Technology,Majority Official,South,3468.38,1320.17,23,0.25,180.45
ORD1254,2024-07-26,2024-07-30,Office Supplies,Life Success,North,9727.37,510.11,20,0.33,368.16
ORD1255,2026-03-03,2026-03-09,Office Supplies,International Course,South,8629.32,642.03,8,0.5,260.1
ORD1256,2025-10-15,2025-10-20,Furniture,Money Allow,North,9063.08,-6.21,9,0.26,123.13
ORD1257,2025-03-16,2025-03-21,Technology,Pass Her,Central,8867.86,-586.67,15,0.42,200.1
ORD1258,2024-06-26,2024-07-06,Furniture,Office Lose,Central,2328.14,2765.15,13,0.47,45.43
ORD1259,2024-09-11,2024-09-16,Furniture,Serve Ten,South,1879.5,2730.61,13,0.12,88.56
ORD1260,2025-08-16,2025-08-26,Office Supplies,Since Kid,West,2196.01,1259.86,5,0.27,457.55
ORD1261,2024-06-17,2024-06-24,Technology,Fear No,West,3664.2,2002.38,24,0.09,73.68
ORD1262,2025-10-23,2025-11-01,Office Supplies,Official Nor,Central,5345.57,-84.51,14,0.47,24.43
ORD1263,2026-03-15,2026-03-24,Technology,Ready Own,Central,7966.07,2696.63,3,0.32,479.1
ORD1264,2026-02-14,2026-02-19,Furniture,Daughter Across,East,1939.29,1323.28,10,0.17,423.8
ORD1265,2026-02-16,2026-02-20,Technology,Art Experience,South,9633.99,2172.54,8,0.49,124.96
ORD1266,2025-06-03,2025-06-12,Office Supplies,Their Market,South,3221.77,-999.3,18,0.08,344.03
ORD1267,2024-11-13,2024-11-16,Office Supplies,North Everything,Central,210.32,101.01,13,0.14,369.17
ORD1268,2026-01-10,2026-01-15,Furniture,Citizen Strong,Central,3516.9,414.6,20,0.32,386.37
ORD1269,2025-06-14,2025-06-23,Furniture,Media Stuff,South,1173.34,2905.46,10,0.16,65.28
ORD1270,2025-07-08,2025-07-13,Furniture,Attention Appear,South,9952.74,1158.09,16,0.49,124.78
ORD1271,2024-05-29,2024-06-02,Technology,Open Red,South,9287.26,1196.97,18,0.07,74.42
ORD1272,2026-04-18,2026-04-23,Office Supplies,Nor Daughter,North,3548.62,400.16,3,0.22,197.86
ORD1273,2025-08-31,2025-09-01,Furniture,Difficult Chair,West,280.86,344.44,8,0.11,238.23
ORD1274,2025-12-28,2026-01-02,Office Supplies,Program Security,South,8829.6,1479.94,3,0.31,360.54
ORD1275,2025-06-19,2025-06-27,Office Supplies,Wear To,South,1489.89,1791.08,16,0.44,115.59
ORD1276,2024-09-02,2024-09-05,Office Supplies,Including Worry,South,202.52,1572.22,14,0.26,495.1
ORD1277,2025-12-22,2025-12-31,Office Supplies,Natural Shoulder,North,7892.77,2054.6,22,0.11,193.35
ORD1278,2024-11-09,2024-11-17,Office Supplies,Consider Nation,North,9768.13,326.36,18,0.13,18.57
ORD1279,2024-09-21,2024-09-27,Furniture,Push Hair,South,8199.47,2511.84,24,0.43,11.99
ORD1280,2025-06-08,2025-06-12,Technology,Leader Most,Central,1740.52,2919.33,7,0.36,194.06
ORD1281,2025-09-29,2025-10-01,Technology,Will List,Central,5123.84,1441.71,13,0.43,193.47
ORD1282,2025-02-17,2025-02-19,Technology,Artist Inside,West,9257.74,1423.23,24,0.48,389.29
ORD1283,2024-11-08,2024-11-17,Furniture,Oil Act,West,9797.33,1932.94,15,0.29,277.62
ORD1284,2025-04-29,2025-05-09,Technology,Spend Let,Central,7889.33,1877.36,4,0.09,253.38
ORD1285,2025-01-05,2025-01-14,Technology,Of Station,East,5527.56,1565.55,11,0.23,375.19
ORD1286,2024-12-26,2025-01-04,Furniture,Mr Majority,South,6710.06,1959.09,12,0.16,444.91
ORD1287,2025-05-18,2025-05-24,Office Supplies,Reach Field,East,9783.43,2119.62,6,0.09,305.43
ORD1288,2025-02-18,2025-02-27,Technology,Watch Change,Central,7227.1,1069.86,6,0.07,127.88
ORD1289,2024-11-01,2024-11-10,Office Supplies,Hair Imagine,North,7164.8,105.92,19,0.19,145.87
ORD1290,2025-03-14,2025-03-19,Technology,Employee Cold,North,7616.05,-262.75,7,0.2,228.76
ORD1291,2024-12-18,2024-12-26,Technology,Billion Computer,Central,1358.77,629.54,17,0.09,337.45
ORD1292,2025-07-30,2025-08-02,Office Supplies,East Push,South,7673.21,2942.09,2,0.49,97.52
ORD1293,2024-10-14,2024-10-19,Technology,Front Responsibility,North,5924.22,-782.3,20,0.05,37.15
ORD1294,2026-01-29,2026-02-08,Furniture,Sort Set,North,1370.9,2599.01,13,0.2,336.28
ORD1295,2025-11-10,2025-11-11,Technology,Term Edge,East,9103.93,1997.94,1,0.49,494.18
ORD1296,2024-12-22,2025-01-01,Office Supplies,Language Sport,East,2471.76,2240.33,4,0.16,296.69
ORD1297,2025-12-20,2025-12-24,Technology,Memory Election,Central,2613.26,-929.93,6,0.41,142.61
ORD1298,2024-10-14,2024-10-21,Technology,Civil Degree,East,1041.36,1425.84,8,0.47,328.94
ORD1299,2025-04-24,2025-04-26,Technology,Day Ten,East,1752.43,-708.86,16,0.21,128.67
ORD1300,2025-12-10,2025-12-18,Technology,Character Book,South,7254.53,2116.06,11,0.31,303.01
ORD1301,2026-05-04,2026-05-09,Furniture,Campaign Everything,North,4278.7,1626.59,24,0.18,410.37
ORD1302,2025-07-06,2025-07-16,Technology,Price Several,East,2012.79,2756.52,15,0.04,86.97
ORD1303,2024-08-06,2024-08-14,Technology,Ask Chance,Central,2024.86,369.41,15,0.28,354.4
ORD1304,2025-04-12,2025-04-14,Furniture,Successful Suggest,Central,6720.86,1349.02,4,0.31,406.88
ORD1305,2025-07-26,2025-08-03,Office Supplies,Assume Treatment,West,2162.52,2715.25,25,0.2,141.43
ORD1306,2025-01-09,2025-01-17,Furniture,View We,North,8410.24,212.12,23,0.23,355.61
ORD1307,2024-12-09,2024-12-19,Furniture,Tree That,South,3496.76,-311.5,10,0.4,350.75
ORD1308,2024-08-30,2024-09-03,Furniture,Though Just,East,5677.84,800.66,14,0.08,99.66
ORD1309,2025-03-04,2025-03-14,Office Supplies,Character Return,West,9189.52,-281.17,21,0.37,265.96
ORD1310,2024-05-30,2024-06-07,Technology,Campaign Position,South,2415.25,533.9,16,0.32,280.14
ORD1311,2024-08-22,2024-08-30,Furniture,Rate Former,North,8776.5,507.5,4,0.17,189.69
ORD1312,2025-12-06,2025-12-12,Office Supplies,End Couple,Central,3446.47,576.57,6,0.33,297.49
ORD1313,2025-12-20,2025-12-26,Office Supplies,On Admit,East,2542.08,1912.63,7,0.47,121.54
ORD1314,2024-12-21,2024-12-24,Office Supplies,Account Authority,South,6969.5,2116.1,1,0.31,96.6
ORD1315,2024-11-08,2024-11-14,Technology,Base Newspaper,South,6701.5,550.14,19,0.07,285.78
ORD1316,2024-06-15,2024-06-21,Technology,View There,East,2074.8,448.16,1,0.36,140.21
ORD1317,2024-07-26,2024-08-05,Office Supplies,Including Test,Central,9293.43,-592.16,2,0.14,246.12
ORD1318,2024-12-12,2024-12-15,Technology,Indeed Reach,East,4769.3,-291.03,9,0.38,180.71
ORD1319,2025-11-26,2025-12-03,Office Supplies,Eight Usually,North,6503.66,-893.42,6,0.29,366.95
ORD1320,2025-11-23,2025-12-02,Office Supplies,Whatever Cause,East,4364.51,-48.0,22,0.34,448.04
ORD1321,2024-05-30,2024-06-06,Technology,Necessary Contain,Central,2237.88,1611.21,15,0.07,238.2
ORD1322,2025-04-18,2025-04-24,Furniture,Offer Include,Central,5310.17,2221.18,20,0.49,444.52
ORD1323,2026-01-12,2026-01-20,Furniture,Their Concern,North,8197.46,387.13,2,0.08,205.53
ORD1324,2026-01-18,2026-01-24,Furniture,Position Area,North,3273.44,-18.12,13,0.25,291.35
ORD1325,2025-10-05,2025-10-07,Furniture,Feel Hot,West,3710.06,724.28,6,0.33,197.43
ORD1326,2025-06-29,2025-07-08,Office Supplies,Must Anything,South,1591.75,2147.89,14,0.25,415.32
ORD1327,2026-04-02,2026-04-03,Furniture,Plan Man,North,5269.64,2990.33,13,0.33,473.24
ORD1328,2025-02-13,2025-02-21,Technology,Front Ahead,East,4836.63,1655.43,15,0.21,113.62
ORD1329,2025-04-27,2025-05-07,Office Supplies,At Lose,North,9165.92,946.68,6,0.02,496.57
ORD1330,2025-07-19,2025-07-24,Furniture,Allow Best,East,7928.88,352.48,25,0.25,484.46
ORD1331,2024-07-17,2024-07-23,Furniture,Teach Ability,East,9576.89,106.73,17,0.09,486.67
ORD1332,2024-11-07,2024-11-14,Office Supplies,Which It,Central,2054.62,2856.23,19,0.33,384.75
ORD1333,2025-06-13,2025-06-22,Furniture,Himself Together,Central,3880.33,-353.34,20,0.21,173.24
ORD1334,2025-02-05,2025-02-15,Technology,Strategy Finally,East,1633.44,2637.61,14,0.07,156.22
ORD1335,2024-06-20,2024-06-23,Technology,Recently Address,East,2346.8,-811.23,14,0.26,448.06
ORD1336,2024-08-22,2024-08-27,Furniture,Animal Trade,Central,9770.48,-485.6,8,0.11,356.82
ORD1337,2025-03-01,2025-03-03,Technology,Remain Remain,North,7252.9,1966.74,25,0.2,21.4
ORD1338,2024-07-19,2024-07-29,Technology,World Glass,East,3232.37,-136.55,24,0.44,272.55
ORD1339,2025-07-25,2025-07-27,Technology,Hard It,West,2072.03,1974.05,4,0.46,126.04
ORD1340,2026-02-20,2026-02-27,Office Supplies,Prepare Camera,West,748.36,1627.11,25,0.24,452.68
ORD1341,2026-01-13,2026-01-22,Technology,Authority Keep,West,313.59,754.19,5,0.28,263.91
ORD1342,2026-03-23,2026-03-31,Furniture,Toward Must,Central,1990.2,2533.78,10,0.15,150.39
ORD1343,2025-03-11,2025-03-13,Technology,Would Direction,North,4908.68,1390.86,15,0.15,298.35
ORD1344,2024-09-02,2024-09-12,Furniture,Factor Rise,North,8073.6,409.13,11,0.04,289.88
ORD1345,2025-05-07,2025-05-15,Furniture,Everyone Sign,South,9194.04,-6.92,10,0.07,208.2
ORD1346,2025-11-24,2025-11-28,Office Supplies,Yet Series,South,3478.9,2436.51,5,0.24,173.27
ORD1347,2024-12-06,2024-12-09,Technology,Thank East,South,9687.56,2101.17,19,0.44,221.31
ORD1348,2024-11-06,2024-11-09,Technology,Place Population,West,1480.83,1632.94,11,0.34,445.72
ORD1349,2024-09-27,2024-10-01,Furniture,Next Challenge,East,4970.91,-796.39,16,0.19,248.05
ORD1350,2025-08-15,2025-08-22,Office Supplies,Clear Loss,South,3121.4,-240.88,9,0.47,462.11
ORD1351,2025-12-04,2025-12-05,Furniture,Through Produce,West,3586.71,-112.5,23,0.35,345.31
ORD1352,2025-09-14,2025-09-19,Technology,Whole Than,West,8065.92,1159.61,15,0.33,304.82
ORD1353,2025-07-06,2025-07-09,Office Supplies,Their Reach,Central,8286.12,1656.45,25,0.25,130.3
ORD1354,2025-06-09,2025-06-17,Technology,Later Short,West,3051.63,-38.12,1,0.37,439.93
ORD1355,2026-04-06,2026-04-16,Office Supplies,New Population,Central,4596.25,1390.82,8,0.1,150.07
ORD1356,2024-08-06,2024-08-16,Office Supplies,Reduce Chance,South,9097.55,725.23,5,0.4,413.83
ORD1357,2024-12-29,2024-12-31,Technology,Type Night,North,4020.18,1124.91,7,0.48,79.61
ORD1358,2025-09-30,2025-10-06,Furniture,Suffer Evening,Central,2025.05,1812.93,13,0.37,449.66
ORD1359,2024-12-21,2024-12-25,Office Supplies,Make Amount,Central,7846.85,1181.55,12,0.43,130.37
ORD1360,2026-03-27,2026-04-04,Technology,Old While,East,8214.21,2348.03,20,0.05,184.54
ORD1361,2025-05-20,2025-05-28,Technology,Election Job,East,3198.23,2721.58,22,0.06,328.14
ORD1362,2025-06-29,2025-07-03,Furniture,Wish Nation,South,4498.86,1251.61,8,0.43,473.79
ORD1363,2025-10-17,2025-10-18,Office Supplies,Property Save,North,3954.99,418.44,21,0.42,24.12
ORD1364,2025-04-07,2025-04-09,Office Supplies,Than Staff,North,626.5,1189.72,2,0.17,339.57
ORD1365,2025-12-20,2025-12-28,Office Supplies,Anything Through,Central,8077.51,-840.86,12,0.41,495.16
ORD1366,2026-03-03,2026-03-10,Office Supplies,Message Economy,South,217.65,1046.44,9,0.44,379.76
ORD1367,2026-04-28,2026-05-02,Technology,Simply Final,Central,9745.5,1246.78,16,0.36,209.12
ORD1368,2026-01-02,2026-01-04,Office Supplies,Region Pressure,South,5125.56,2814.25,12,0.36,69.21
ORD1369,2025-05-26,2025-06-05,Office Supplies,Reveal Health,Central,4085.92,2732.51,12,0.17,235.1
ORD1370,2026-04-14,2026-04-15,Technology,Gas Then,East,2929.45,739.43,18,0.35,172.73
ORD1371,2024-11-09,2024-11-15,Office Supplies,Worry Pressure,Central,8881.7,619.43,25,0.49,391.81
ORD1372,2025-01-08,2025-01-15,Technology,Add Sit,Central,362.52,1971.45,13,0.49,52.48
ORD1373,2025-01-05,2025-01-15,Technology,Process About,East,2673.82,-169.92,6,0.25,185.36
ORD1374,2025-07-27,2025-08-03,Technology,Song True,West,7186.96,525.73,20,0.09,457.8
ORD1375,2025-06-27,2025-06-30,Furniture,Cup Development,North,5496.19,1644.86,13,0.1,416.63
ORD1376,2024-07-10,2024-07-12,Technology,Late When,East,961.5,679.6,12,0.21,354.17
ORD1377,2025-07-27,2025-07-30,Furniture,Hospital Second,North,8599.09,187.1,23,0.32,287.45
ORD1378,2025-12-05,2025-12-14,Office Supplies,Effect Gas,Central,3840.81,-155.04,11,0.02,283.63
ORD1379,2026-04-08,2026-04-15,Technology,Ability Carry,West,1802.03,1692.14,5,0.46,339.45
ORD1380,2025-02-20,2025-02-25,Technology,Provide Before,Central,9084.33,1133.24,20,0.4,331.21
ORD1381,2026-01-10,2026-01-14,Technology,Civil No,South,981.47,156.78,12,0.07,167.77
ORD1382,2025-01-10,2025-01-18,Technology,Cultural Cell,Central,6803.2,-95.29,16,0.29,119.3
ORD1383,2025-11-09,2025-11-17,Furniture,Series Bed,East,4657.67,1365.34,24,0.25,43.09
ORD1384,2024-08-03,2024-08-09,Office Supplies,Relationship Number,West,8119.55,2307.51,19,0.29,195.5
ORD1385,2025-10-05,2025-10-15,Furniture,Skill Until,East,3923.14,842.12,7,0.07,354.39
ORD1386,2025-09-13,2025-09-20,Office Supplies,Right That,East,6233.4,-823.69,4,0.04,373.35
ORD1387,2026-03-21,2026-03-24,Technology,Professor Feeling,North,2087.04,2252.08,18,0.42,284.9
ORD1388,2025-06-07,2025-06-12,Office Supplies,Establish Lead,South,9310.98,615.05,21,0.27,472.74
ORD1389,2026-01-12,2026-01-18,Technology,Month Line,West,3048.51,857.45,2,0.08,332.72
ORD1390,2024-12-22,2024-12-31,Office Supplies,Cause Bed,East,3332.47,-209.72,9,0.23,33.95
ORD1391,2024-11-20,2024-11-23,Technology,Tough Inside,South,8973.21,1808.72,1,0.07,196.63
ORD1392,2026-01-22,2026-01-28,Office Supplies,White Happen,West,7684.63,1443.57,15,0.4,230.71
ORD1393,2026-03-08,2026-03-11,Technology,Miss Peace,East,4873.66,1766.87,6,0.14,362.82
ORD1394,2024-09-07,2024-09-14,Office Supplies,Service Assume,East,8539.26,2209.3,22,0.4,100.32
ORD1395,2026-02-07,2026-02-10,Technology,Up Assume,North,9741.17,1652.24,21,0.16,139.88
ORD1396,2026-01-21,2026-01-28,Furniture,Me Walk,West,6176.43,1715.7,14,0.35,276.35
ORD1397,2026-01-01,2026-01-07,Office Supplies,Play Gun,East,8604.98,2796.01,25,0.02,446.56
ORD1398,2026-01-24,2026-01-28,Technology,Will Watch,East,6816.43,2105.95,2,0.14,381.25
ORD1399,2026-01-19,2026-01-24,Furniture,Reveal Travel,North,8278.9,-240.82,25,0.36,459.23
ORD1400,2026-01-03,2026-01-12,Technology,International My,East,2696.72,664.02,21,0.37,373.1
ORD1401,2024-05-31,2024-06-10,Technology,Action Keep,East,9302.0,-711.15,13,0.31,405.41
ORD1402,2025-07-01,2025-07-09,Furniture,Herself Garden,Central,2911.32,2595.61,20,0.38,406.45
ORD1403,2025-10-05,2025-10-12,Office Supplies,Performance Rather,West,4719.35,2238.43,21,0.34,254.21
ORD1404,2024-05-20,2024-05-21,Office Supplies,Yet Analysis,South,6045.81,2278.99,12,0.09,271.39
ORD1405,2025-08-24,2025-08-28,Office Supplies,Low Few,East,5799.74,2522.66,6,0.48,85.4
ORD1406,2024-06-11,2024-06-19,Office Supplies,Candidate Message,West,6083.82,2757.53,10,0.13,134.9
ORD1407,2025-07-14,2025-07-18,Technology,Late School,Central,2220.43,1796.01,4,0.15,404.55
ORD1408,2026-05-06,2026-05-14,Furniture,Eye Life,West,8963.27,2519.2,1,0.15,413.61
ORD1409,2025-07-17,2025-07-21,Technology,System Operation,Central,9477.71,1150.58,15,0.32,352.21
ORD1410,2025-11-22,2025-11-27,Office Supplies,Officer Type,South,4444.1,2508.05,21,0.38,112.17
ORD1411,2025-10-31,2025-11-09,Furniture,Want Reach,Central,9556.83,1886.55,13,0.16,384.25
ORD1412,2026-02-23,2026-02-25,Office Supplies,Technology Pm,Central,7331.26,-84.76,18,0.29,56.11
ORD1413,2024-08-28,2024-09-05,Technology,Carry Form,North,7061.69,17.65,4,0.23,271.22
ORD1414,2026-03-13,2026-03-17,Office Supplies,Space Response,Central,4299.97,371.11,11,0.22,246.83
ORD1415,2024-10-23,2024-10-26,Furniture,Top Range,South,6163.31,160.11,4,0.27,118.5
ORD1416,2025-07-22,2025-07-27,Technology,Fill Prove,South,209.67,-304.96,10,0.06,184.82
ORD1417,2025-12-06,2025-12-08,Furniture,Project Every,West,2239.84,517.49,22,0.39,404.01
ORD1418,2025-06-08,2025-06-16,Office Supplies,Fire Will,North,9593.01,491.4,24,0.06,453.24
ORD1419,2026-03-29,2026-04-01,Technology,Claim New,South,9182.23,-88.71,7,0.5,222.02
ORD1420,2024-11-13,2024-11-19,Office Supplies,Talk Three,North,4530.17,1623.88,7,0.03,351.24
ORD1421,2025-12-06,2025-12-14,Furniture,Room See,North,2901.73,2924.67,17,0.18,348.88
ORD1422,2024-08-15,2024-08-18,Technology,Employee Like,West,1739.96,-336.79,24,0.26,88.52
ORD1423,2025-10-02,2025-10-12,Technology,One Indeed,South,3919.01,1295.0,14,0.25,325.27
ORD1424,2025-12-02,2025-12-10,Furniture,About Expert,West,7680.73,118.88,12,0.23,209.18
ORD1425,2024-06-27,2024-06-28,Technology,Mouth Eight,South,3370.94,-621.54,3,0.18,173.11
ORD1426,2024-11-18,2024-11-24,Office Supplies,New Republican,South,5374.4,-545.66,3,0.06,357.65
ORD1427,2025-08-05,2025-08-07,Office Supplies,With Concern,Central,7522.57,-323.86,24,0.36,28.86
ORD1428,2026-01-19,2026-01-22,Furniture,Occur White,East,6969.32,1902.75,19,0.01,110.9
ORD1429,2024-11-21,2024-11-28,Technology,Expert Pm,North,1780.32,1196.68,22,0.03,380.45
ORD1430,2025-02-19,2025-02-26,Furniture,Visit Prepare,South,2005.07,1769.52,2,0.32,434.4
ORD1431,2025-03-11,2025-03-14,Office Supplies,Modern Arrive,North,6284.95,2251.67,10,0.35,466.4
ORD1432,2026-04-20,2026-04-28,Technology,Lead Color,North,4683.97,896.46,2,0.06,154.06
ORD1433,2026-05-15,2026-05-16,Technology,Building Least,South,1792.61,-520.1,19,0.02,464.9
ORD1434,2025-09-13,2025-09-15,Office Supplies,Religious Door,Central,9100.25,2172.04,14,0.1,89.31
ORD1435,2025-01-01,2025-01-10,Office Supplies,Letter Room,Central,2357.7,640.02,9,0.29,106.98
ORD1436,2024-12-26,2024-12-31,Technology,Line Together,East,7160.78,351.34,1,0.26,160.06
ORD1437,2025-09-12,2025-09-16,Office Supplies,Us Player,North,7573.9,-869.13,1,0.17,304.7
ORD1438,2024-06-10,2024-06-13,Furniture,Us Head,North,2669.08,933.68,22,0.29,141.63
ORD1439,2025-01-22,2025-01-30,Office Supplies,Really Figure,East,9336.1,1505.92,6,0.47,400.84
ORD1440,2026-01-24,2026-02-03,Technology,Star Statement,Central,3366.45,2598.32,22,0.17,128.17
ORD1441,2025-10-29,2025-10-30,Technology,Doctor Medical,West,307.27,-338.54,12,0.32,371.5
ORD1442,2024-12-01,2024-12-02,Office Supplies,Method Nor,East,6792.94,985.23,8,0.34,442.4
ORD1443,2026-05-14,2026-05-23,Furniture,Customer Avoid,North,513.84,1997.4,7,0.36,417.79
ORD1444,2026-03-21,2026-03-29,Technology,Decision Hold,West,400.44,422.89,25,0.25,261.62
ORD1445,2025-03-02,2025-03-12,Furniture,Dinner Traditional,North,9423.73,1391.08,4,0.32,245.51
ORD1446,2025-09-06,2025-09-15,Office Supplies,Keep Tv,West,5152.04,-295.74,4,0.12,187.36
ORD1447,2025-08-29,2025-09-07,Technology,Set Officer,North,5786.85,2247.5,6,0.17,307.8
ORD1448,2026-05-12,2026-05-14,Furniture,Section Bag,Central,6285.54,2309.1,7,0.17,271.39
ORD1449,2025-09-14,2025-09-15,Furniture,Together Produce,North,3244.73,-48.56,16,0.1,220.89
ORD1450,2025-05-24,2025-05-28,Furniture,Congress Fact,Central,2855.16,1660.45,14,0.05,199.96
ORD1451,2026-04-09,2026-04-15,Office Supplies,Degree Both,North,2099.74,-763.45,22,0.12,499.76
ORD1452,2026-02-17,2026-02-26,Office Supplies,Fact To,West,2310.24,1207.23,20,0.18,60.38
ORD1453,2026-04-27,2026-05-01,Office Supplies,Share Without,Central,4223.56,1867.83,9,0.14,15.2
ORD1454,2026-04-20,2026-04-30,Office Supplies,East Low,Central,8313.2,-237.55,12,0.05,28.86
ORD1455,2024-10-10,2024-10-17,Furniture,Republican Bag,East,8522.12,-909.68,3,0.34,481.62
ORD1456,2025-07-19,2025-07-22,Furniture,Out Be,North,6552.32,131.03,7,0.09,63.71
ORD1457,2024-12-03,2024-12-11,Technology,Identify Stock,North,4828.36,828.67,17,0.49,454.48
ORD1458,2024-07-11,2024-07-13,Furniture,Best Question,South,2897.7,138.72,9,0.29,20.35
ORD1459,2025-01-29,2025-02-06,Office Supplies,Place Pressure,North,4750.74,410.72,22,0.19,56.27
ORD1460,2025-11-04,2025-11-10,Furniture,Rate Day,South,5053.14,-111.54,19,0.33,237.7
ORD1461,2026-03-19,2026-03-28,Technology,West Floor,West,7374.29,288.83,18,0.25,256.8
ORD1462,2024-05-29,2024-05-30,Office Supplies,Society Friend,Central,6924.79,2368.35,16,0.3,107.38
ORD1463,2025-09-23,2025-10-03,Office Supplies,Push Turn,West,747.58,2595.07,19,0.13,499.7
ORD1464,2025-06-12,2025-06-16,Office Supplies,Interview Option,West,3792.93,2761.05,4,0.25,28.83
ORD1465,2025-08-04,2025-08-06,Furniture,Capital Cut,South,2943.31,1556.06,19,0.08,121.14
ORD1466,2026-02-11,2026-02-18,Furniture,Social Movie,West,5884.33,760.72,3,0.02,307.57
ORD1467,2026-03-07,2026-03-11,Technology,Leg Employee,East,9667.79,309.39,12,0.48,284.88
ORD1468,2025-10-16,2025-10-19,Furniture,Economic Success,Central,2301.57,316.17,20,0.42,161.93
ORD1469,2024-12-19,2024-12-28,Technology,Son Bag,North,899.58,113.72,17,0.23,139.67
ORD1470,2025-03-03,2025-03-12,Office Supplies,Deep Before,East,4938.78,-858.03,1,0.11,356.02
ORD1471,2026-01-21,2026-01-22,Office Supplies,Government Still,South,1565.67,2721.43,2,0.09,47.7
ORD1472,2025-03-26,2025-03-29,Office Supplies,Ability Benefit,West,572.91,-188.34,9,0.36,359.3
ORD1473,2024-11-19,2024-11-29,Furniture,Field Fall,North,4343.9,-293.84,9,0.42,303.26
ORD1474,2025-12-08,2025-12-09,Technology,Democrat Staff,North,8853.9,-221.77,11,0.38,461.24
ORD1475,2024-06-10,2024-06-16,Office Supplies,Four Read,West,5734.17,2556.03,20,0.44,454.02
ORD1476,2025-07-10,2025-07-13,Technology,See Prove,North,7217.25,27.57,20,0.14,124.76
ORD1477,2024-06-10,2024-06-17,Furniture,Should Green,West,9545.8,1119.81,19,0.2,311.74
ORD1478,2025-09-28,2025-10-03,Office Supplies,Practice Fund,Central,5117.65,202.69,19,0.15,444.78
ORD1479,2024-12-21,2024-12-31,Office Supplies,Question Garden,West,4671.99,1192.55,21,0.45,438.98
ORD1480,2026-03-09,2026-03-10,Technology,Claim The,Central,7697.33,-894.63,19,0.43,137.95
ORD1481,2024-10-01,2024-10-07,Technology,Environment Mouth,South,5500.73,-915.04,5,0.07,133.25
ORD1482,2024-05-28,2024-06-03,Technology,Wait Box,South,6822.48,1660.26,22,0.14,407.91
ORD1483,2024-08-01,2024-08-07,Technology,Its Every,South,9802.45,2091.6,6,0.03,361.02
ORD1484,2024-10-17,2024-10-26,Technology,Start Country,South,6824.59,152.22,24,0.37,360.01
ORD1485,2025-08-30,2025-09-08,Technology,Class Phone,South,1745.44,438.05,11,0.5,295.15
ORD1486,2025-10-05,2025-10-10,Furniture,Trip Tell,Central,1965.33,-475.16,2,0.25,36.05
ORD1487,2025-09-04,2025-09-05,Furniture,Property Center,East,5371.36,2981.39,15,0.02,412.11
ORD1488,2026-02-04,2026-02-06,Office Supplies,Response Across,South,9141.06,1551.47,20,0.21,297.46
ORD1489,2025-09-02,2025-09-04,Office Supplies,Church Rise,North,2198.07,1950.7,21,0.24,367.96
ORD1490,2025-11-10,2025-11-14,Technology,Source Us,South,2742.63,1070.64,4,0.23,147.51
ORD1491,2026-04-10,2026-04-16,Technology,Look Single,Central,3248.92,-524.19,18,0.08,97.98
ORD1492,2024-05-26,2024-06-04,Technology,Everyone Station,East,1236.36,1896.42,6,0.12,127.36
ORD1493,2024-07-16,2024-07-22,Furniture,Safe News,East,9009.88,170.04,4,0.48,324.35
ORD1494,2024-10-27,2024-10-28,Technology,Provide When,West,7551.88,670.51,7,0.3,90.79
ORD1495,2025-10-19,2025-10-21,Office Supplies,A Big,West,2082.7,1717.31,2,0.43,247.45
ORD1496,2024-12-12,2024-12-19,Office Supplies,Owner Mission,South,4678.36,221.3,11,0.07,187.96
ORD1497,2026-02-13,2026-02-19,Furniture,Present Glass,West,4270.57,340.99,16,0.22,143.3
ORD1498,2024-11-12,2024-11-18,Office Supplies,Fill Happy,North,6015.12,1132.51,21,0.35,329.27
ORD1499,2024-09-11,2024-09-16,Office Supplies,Social Decide,North,4523.73,-753.13,17,0.43,498.16
